{"inputUnits":[34],"outputUnits":5,"inputs":{"0":{"dtype":"number","min":259.2789930860434,"max":405.78993888393944},"1":{"dtype":"number","min":90.24674265008224,"max":122.1239428306416},"2":{"dtype":"number","min":266.2871029502467,"max":413.97355999862936},"3":{"dtype":"number","min":80.70895308407194,"max":114.4364462214836},"4":{"dtype":"number","min":250.2036551611233,"max":397.7871155320552},"5":{"dtype":"number","min":82.66271609776666,"max":114.1480741445084},"6":{"dtype":"number","min":279.97429399694846,"max":426.35727077432074},"7":{"dtype":"number","min":87.8514453077409,"max":120.0589486730029},"8":{"dtype":"number","min":242.37400612635918,"max":386.49478131567525},"9":{"dtype":"number","min":90.21887825711195,"max":120.67716788130195},"10":{"dtype":"number","min":302.80017458672177,"max":439.7196664865951},"11":{"dtype":"number","min":136.1767822027671,"max":174.17139361941094},"12":{"dtype":"number","min":232.87579988178453,"max":365.6135466874924},"13":{"dtype":"number","min":130.0070178531996,"max":176.9382653784798},"14":{"dtype":"number","min":324.3168069047537,"max":492.67897459033867},"15":{"dtype":"number","min":129.54255756578945,"max":236.53405618946454},"16":{"dtype":"number","min":193.9942720944886,"max":344.818879066155},"17":{"dtype":"number","min":129.98816536648695,"max":242.6369456984611},"18":{"dtype":"number","min":328.82468835187467,"max":506.4189025997883},"19":{"dtype":"number","min":77.0455001622845,"max":289.643932439198},"20":{"dtype":"number","min":176.65601882785847,"max":332.4934812549494},"21":{"dtype":"number","min":73.99814181857639,"max":304.34926529376827},"22":{"dtype":"number","min":296.0976345962019,"max":424.785202650996},"23":{"dtype":"number","min":244.87926103915385,"max":295.18243771082706},"24":{"dtype":"number","min":249.15906761124816,"max":378.2740446838022},"25":{"dtype":"number","min":243.39253862466495,"max":289.83731810809576},"26":{"dtype":"number","min":264.36580784371955,"max":430.5211248267696},"27":{"dtype":"number","min":276.940125582511,"max":391.864246866624},"28":{"dtype":"number","min":224.0363203201145,"max":370.2142131723623},"29":{"dtype":"number","min":279.41448367827115,"max":388.8598644710191},"30":{"dtype":"number","min":272.613571791621,"max":423.58270656295684},"31":{"dtype":"number","min":355.484686660023,"max":466.88920881780734},"32":{"dtype":"number","min":235.67206072296082,"max":379.8043040968986},"33":{"dtype":"number","min":353.2804445263005,"max":471.95111547994327}},"outputs":{"0":{"dtype":"string","min":0,"max":1,"uniqueValues":["j","l","r","n","f"],"legend":{"j":[1,0,0,0,0],"l":[0,1,0,0,0],"r":[0,0,1,0,0],"n":[0,0,0,1,0],"f":[0,0,0,0,1]}}},"isNormalized":true}