{"inputUnits":[34],"outputUnits":4,"inputs":{"0":{"dtype":"number","min":141.14041988380237,"max":383.2146044874284},"1":{"dtype":"number","min":15.868807192201956,"max":131.43769262362176},"2":{"dtype":"number","min":155.96581025895085,"max":397.4346543102004},"3":{"dtype":"number","min":5.640396207396748,"max":125.06704527499846},"4":{"dtype":"number","min":128.31826371756213,"max":368.7977841025904},"5":{"dtype":"number","min":6.735896952668128,"max":126.009228206285},"6":{"dtype":"number","min":177.2769544277972,"max":417.4783780282004},"7":{"dtype":"number","min":14.86469082897402,"max":130.17850344176412},"8":{"dtype":"number","min":116.01994891845227,"max":352.6689174719024},"9":{"dtype":"number","min":21.762793468453026,"max":130.85975751077453},"10":{"dtype":"number","min":218.78851238049958,"max":444.93463527389434},"11":{"dtype":"number","min":103.94815456100375,"max":169.22309682150797},"12":{"dtype":"number","min":99.83813969247754,"max":322.83092922634546},"13":{"dtype":"number","min":105.44007656402289,"max":164.65145178008495},"14":{"dtype":"number","min":254.93264389781692,"max":483.5334593417816},"15":{"dtype":"number","min":89.72609551561737,"max":238.65126106009382},"16":{"dtype":"number","min":45.99799976014254,"max":305.3931461207815},"17":{"dtype":"number","min":89.84363221285636,"max":244.61309302852396},"18":{"dtype":"number","min":267.09093179386724,"max":500.785873294109},"19":{"dtype":"number","min":9.55373068766751,"max":344.08354701586865},"20":{"dtype":"number","min":37.893194752594646,"max":299.4031145791096},"21":{"dtype":"number","min":4.775672600283258,"max":335.6634438200536},"22":{"dtype":"number","min":219.06396415963275,"max":410.2028740776909},"23":{"dtype":"number","min":224.30618851273147,"max":333.8168513426306},"24":{"dtype":"number","min":142.95091595566063,"max":334.0395315069901},"25":{"dtype":"number","min":218.79352889330528,"max":327.8051734017117},"26":{"dtype":"number","min":155.9775166948404,"max":408.7402028461181},"27":{"dtype":"number","min":242.6743428191246,"max":489.12351611994393},"28":{"dtype":"number","min":136.70368395353617,"max":329.82591536077604},"29":{"dtype":"number","min":243.8405081170809,"max":480.2551605641029},"30":{"dtype":"number","min":141.37200249565973,"max":413.4556665848105},"31":{"dtype":"number","min":287.1993953117385,"max":562.1452304773163},"32":{"dtype":"number","min":143.02028455232318,"max":340.37378411543995},"33":{"dtype":"number","min":292.20579448499177,"max":561.6836116560254}},"outputs":{"0":{"dtype":"string","min":0,"max":1,"uniqueValues":["l","r","j","n"],"legend":{"l":[1,0,0,0],"r":[0,1,0,0],"j":[0,0,1,0],"n":[0,0,0,1]}}},"isNormalized":true}