{"inputUnits":[34],"outputUnits":5,"inputs":{"0":{"dtype":"number","min":235.60865257218566,"max":370.5630570499056},"1":{"dtype":"number","min":139.7647760625471,"max":161.80556239672802},"2":{"dtype":"number","min":240.31000750803807,"max":377.7653214898955},"3":{"dtype":"number","min":129.75991827237908,"max":153.48703068366987},"4":{"dtype":"number","min":224.71410442746404,"max":361.96827789961014},"5":{"dtype":"number","min":131.4478556315104,"max":155.1523059153417},"6":{"dtype":"number","min":249.96596070525706,"max":386.0006095187241},"7":{"dtype":"number","min":133.91156648334703,"max":158.35276151958263},"8":{"dtype":"number","min":211.66054649427386,"max":349.5084100020559},"9":{"dtype":"number","min":136.56756454973424,"max":160.14270001684713},"10":{"dtype":"number","min":272.2084786041438,"max":405.4882187871208},"11":{"dtype":"number","min":186.915618718019,"max":209.91913912589087},"12":{"dtype":"number","min":197.2934114630924,"max":331.7222883733857},"13":{"dtype":"number","min":187.56439030519005,"max":217.9625771803233},"14":{"dtype":"number","min":288.8982464230781,"max":450.15589306926165},"15":{"dtype":"number","min":204.98037713777717,"max":270.0758114939312},"16":{"dtype":"number","min":153.7131302445023,"max":308.0666983383208},"17":{"dtype":"number","min":201.24430338541663,"max":282.43269238090886},"18":{"dtype":"number","min":303.7460104066726,"max":456.56580904538635},"19":{"dtype":"number","min":158.38529174090826,"max":328.3135456880863},"20":{"dtype":"number","min":142.47836880748963,"max":296.9287055835389},"21":{"dtype":"number","min":145.67977756552295,"max":339.53309771145524},"22":{"dtype":"number","min":270.7689097146077,"max":391.3608353226273},"23":{"dtype":"number","min":288.0674425389102,"max":339.5952988414504},"24":{"dtype":"number","min":222.58343493961684,"max":338.09146293655004},"25":{"dtype":"number","min":294.35219569512975,"max":337.86764475802},"26":{"dtype":"number","min":250.70721780579922,"max":400.2002893786216},"27":{"dtype":"number","min":324.1704194959376,"max":436.6502732840197},"28":{"dtype":"number","min":215.53832769858673,"max":329.34949075501794},"29":{"dtype":"number","min":344.11136976691944,"max":437.3544817175316},"30":{"dtype":"number","min":251.5397420961257,"max":380.3779290479991},"31":{"dtype":"number","min":401.7048653942799,"max":537.5953167177315},"32":{"dtype":"number","min":224.78763156467014,"max":358.6140183119746},"33":{"dtype":"number","min":409.09929063585065,"max":522.6808041578148}},"outputs":{"0":{"dtype":"string","min":0,"max":1,"uniqueValues":["j","l","r","f","n"],"legend":{"j":[1,0,0,0,0],"l":[0,1,0,0,0],"r":[0,0,1,0,0],"f":[0,0,0,1,0],"n":[0,0,0,0,1]}}},"isNormalized":true}