{"inputUnits":[34],"outputUnits":4,"inputs":{"0":{"dtype":"number","min":229.24031991940026,"max":329.97134024636784},"1":{"dtype":"number","min":88.74069005657589,"max":114.9316766155161},"2":{"dtype":"number","min":239.32368246900174,"max":338.29405511331834},"3":{"dtype":"number","min":79.44496435496308,"max":102.62222349527516},"4":{"dtype":"number","min":221.18402626082212,"max":321.84970357497065},"5":{"dtype":"number","min":81.50359081246,"max":104.76462737858643},"6":{"dtype":"number","min":252.38908615261025,"max":345.48832467657314},"7":{"dtype":"number","min":82.86024989672802,"max":102.61966043513186},"8":{"dtype":"number","min":214.64115046153523,"max":312.51568532129477},"9":{"dtype":"number","min":89.87554479528356,"max":105.24028160883435},"10":{"dtype":"number","min":272.12677834791515,"max":364.9095852797956},"11":{"dtype":"number","min":136.40045433713678,"max":159.30367016188117},"12":{"dtype":"number","min":194.64501631887333,"max":294.92336280629416},"13":{"dtype":"number","min":132.1834065993162,"max":156.02283262137547},"14":{"dtype":"number","min":291.1608476248401,"max":409.95359424494393},"15":{"dtype":"number","min":123.89866670902245,"max":218.2694779780873},"16":{"dtype":"number","min":143.70608681126643,"max":278.08341831259327},"17":{"dtype":"number","min":126.40406796341983,"max":216.9583579020658},"18":{"dtype":"number","min":290.1459858617355,"max":419.8804967631141},"19":{"dtype":"number","min":71.54287951731541,"max":271.8526311506305},"20":{"dtype":"number","min":132.95173511170503,"max":274.26618252581324},"21":{"dtype":"number","min":70.33799020867599,"max":272.2124958596034},"22":{"dtype":"number","min":263.8711958321911,"max":349.70633880436765},"23":{"dtype":"number","min":235.0686951873363,"max":272.00024699607087},"24":{"dtype":"number","min":218.76852634125052,"max":302.8125987508376},"25":{"dtype":"number","min":238.83472137748612,"max":273.191118444848},"26":{"dtype":"number","min":232.91597838522628,"max":357.7935581318816},"27":{"dtype":"number","min":264.90409627992506,"max":364.8582568549738},"28":{"dtype":"number","min":205.03153364096002,"max":310.0756360029849},"29":{"dtype":"number","min":273.4251168829191,"max":365.5097821627908},"30":{"dtype":"number","min":227.51760441889772,"max":352.6577348318713},"31":{"dtype":"number","min":338.1833801864416,"max":449.02020727681827},"32":{"dtype":"number","min":218.57541766547783,"max":315.6391496267932},"33":{"dtype":"number","min":348.05433128312313,"max":444.97219747502436}},"outputs":{"0":{"dtype":"string","min":0,"max":1,"uniqueValues":["l","r","j","n"],"legend":{"l":[1,0,0,0],"r":[0,1,0,0],"j":[0,0,1,0],"n":[0,0,0,1]}}},"isNormalized":true}