{"inputUnits":[34],"outputUnits":4,"inputs":{"0":{"dtype":"number","min":229.24031991940026,"max":329.97134024636784},"1":{"dtype":"number","min":88.74069005657589,"max":131.43769262362176},"2":{"dtype":"number","min":239.32368246900174,"max":338.29405511331834},"3":{"dtype":"number","min":79.44496435496308,"max":125.06704527499846},"4":{"dtype":"number","min":221.18402626082212,"max":321.84970357497065},"5":{"dtype":"number","min":81.50359081246,"max":126.009228206285},"6":{"dtype":"number","min":252.38908615261025,"max":345.48832467657314},"7":{"dtype":"number","min":82.86024989672802,"max":130.17850344176412},"8":{"dtype":"number","min":214.64115046153523,"max":312.51568532129477},"9":{"dtype":"number","min":89.87554479528356,"max":130.85975751077453},"10":{"dtype":"number","min":270.56433902614066,"max":364.9095852797956},"11":{"dtype":"number","min":136.40045433713678,"max":169.22309682150797},"12":{"dtype":"number","min":194.64501631887333,"max":298.83224089475635},"13":{"dtype":"number","min":132.1834065993162,"max":164.65145178008495},"14":{"dtype":"number","min":286.7960754751462,"max":409.95359424494393},"15":{"dtype":"number","min":123.89866670902245,"max":218.2694779780873},"16":{"dtype":"number","min":143.70608681126643,"max":292.69853320502864},"17":{"dtype":"number","min":126.40406796341983,"max":216.9583579020658},"18":{"dtype":"number","min":290.1459858617355,"max":419.8804967631141},"19":{"dtype":"number","min":71.54287951731541,"max":271.8526311506305},"20":{"dtype":"number","min":132.95173511170503,"max":291.14066259670443},"21":{"dtype":"number","min":70.33799020867599,"max":272.2124958596034},"22":{"dtype":"number","min":263.8711958321911,"max":349.70633880436765},"23":{"dtype":"number","min":224.30618851273147,"max":272.00024699607087},"24":{"dtype":"number","min":218.76852634125052,"max":311.01814909520436},"25":{"dtype":"number","min":218.79352889330528,"max":273.191118444848},"26":{"dtype":"number","min":232.91597838522628,"max":357.7935581318816},"27":{"dtype":"number","min":242.6743428191246,"max":364.8582568549738},"28":{"dtype":"number","min":205.03153364096002,"max":310.0756360029849},"29":{"dtype":"number","min":243.8405081170809,"max":365.5097821627908},"30":{"dtype":"number","min":227.51760441889772,"max":352.6577348318713},"31":{"dtype":"number","min":287.1993953117385,"max":449.02020727681827},"32":{"dtype":"number","min":218.57541766547783,"max":318.3749208952251},"33":{"dtype":"number","min":292.20579448499177,"max":444.97219747502436}},"outputs":{"0":{"dtype":"string","min":0,"max":1,"uniqueValues":["l","r","j","n"],"legend":{"l":[1,0,0,0],"r":[0,1,0,0],"j":[0,0,1,0],"n":[0,0,0,1]}}},"isNormalized":true}